{
  "cv_f1_macro_mean": 0.9842051007815714,
  "cv_f1_macro_std": 0.0005554429302698934,
  "cv_scores": [
    0.9835589077589078,
    0.9849149804443923,
    0.9841414141414141
  ]
}