{
  "auc_roc": 0.9904895520488178,
  "avg_precision": 0.9866608942788012,
  "f1": 0.9562488462248477
}